{
    "LinearRegression": {
        "mse": 0.5255248201587845,
        "r2": 0.6053286007096409,
        "mae": 0.5295427138256862
    },
    "RandomForest": {
        "mse": 0.19625848038089116,
        "r2": 0.8526090374739629,
        "mae": 0.3066680563718612
    },
    "GradientBoosting": {
        "mse": 0.26744607354411576,
        "r2": 0.7991468489566752,
        "mae": 0.35963464132495987
    },
    "best_model": {
        "name": "RandomForest",
        "r2": 0.8526090374739629,
        "mse": 0.19625848038089116
    }
}